GUM_academic_discrimination-1	the	2
GUM_academic_discrimination-1	prevalence	3
GUM_academic_discrimination-1	of	4
GUM_academic_discrimination-1	discrimination	5
GUM_academic_discrimination-1	across	6
GUM_academic_discrimination-1	racial	7
GUM_academic_discrimination-1	group	8
GUM_academic_discrimination-1	in	9
GUM_academic_discrimination-1	contemporary	10
GUM_academic_discrimination-1	America	11
GUM_academic_discrimination-1	:	0
GUM_academic_discrimination-2	result	2
GUM_academic_discrimination-2	from	3
GUM_academic_discrimination-2	a	4
GUM_academic_discrimination-2	nationally	5
GUM_academic_discrimination-2	representative	6
GUM_academic_discrimination-2	sample	7
GUM_academic_discrimination-2	of	8
GUM_academic_discrimination-2	adult	0
GUM_academic_discrimination-3	introduction	0
GUM_academic_discrimination-3	.	0
GUM_academic_discrimination-4	personal	2
GUM_academic_discrimination-4	experience	11
GUM_academic_discrimination-4	of	4
GUM_academic_discrimination-4	discrimination	5
GUM_academic_discrimination-4	and	6
GUM_academic_discrimination-4	bias	7
GUM_academic_discrimination-4	have	8
GUM_academic_discrimination-4	be	9
GUM_academic_discrimination-4	the	10
GUM_academic_discrimination-4	focus	11
GUM_academic_discrimination-4	much	13
GUM_academic_discrimination-4	social	14
GUM_academic_discrimination-4	science	15
GUM_academic_discrimination-4	research	16
GUM_academic_discrimination-4	.	17
GUM_academic_discrimination-4	[	18
GUM_academic_discrimination-4	1	19
GUM_academic_discrimination-4	-	20
GUM_academic_discrimination-4	3	21
GUM_academic_discrimination-4	]	0
GUM_academic_discrimination-5	sociologist	2
GUM_academic_discrimination-5	have	3
GUM_academic_discrimination-5	explore	4
GUM_academic_discrimination-5	the	5
GUM_academic_discrimination-5	adverse	6
GUM_academic_discrimination-5	consequence	7
GUM_academic_discrimination-5	of	8
GUM_academic_discrimination-5	discrimination	9
GUM_academic_discrimination-5	[	10
GUM_academic_discrimination-5	3	11
GUM_academic_discrimination-5	-	12
GUM_academic_discrimination-5	5	13
GUM_academic_discrimination-5	]	14
GUM_academic_discrimination-5	;	0
GUM_academic_discrimination-6	psychologist	2
GUM_academic_discrimination-6	have	3
GUM_academic_discrimination-6	examine	4
GUM_academic_discrimination-6	the	5
GUM_academic_discrimination-6	mental	6
GUM_academic_discrimination-6	process	7
GUM_academic_discrimination-6	that	8
GUM_academic_discrimination-6	underpin	9
GUM_academic_discrimination-6	conscious	10
GUM_academic_discrimination-6	and	11
GUM_academic_discrimination-6	unconscious	12
GUM_academic_discrimination-6	bias	13
GUM_academic_discrimination-6	[	14
GUM_academic_discrimination-6	6	15
GUM_academic_discrimination-6	]	16
GUM_academic_discrimination-6	;	0
GUM_academic_discrimination-7	neuroscientist	2
GUM_academic_discrimination-7	have	3
GUM_academic_discrimination-7	examine	4
GUM_academic_discrimination-7	the	5
GUM_academic_discrimination-7	neurobiological	6
GUM_academic_discrimination-7	underpinning	7
GUM_academic_discrimination-7	of	8
GUM_academic_discrimination-7	discrimination	9
GUM_academic_discrimination-7	[	10
GUM_academic_discrimination-7	7	11
GUM_academic_discrimination-7	-	12
GUM_academic_discrimination-7	9	13
GUM_academic_discrimination-7	]	14
GUM_academic_discrimination-7	;	0
GUM_academic_discrimination-8	and	2
GUM_academic_discrimination-8	evolutionary	3
GUM_academic_discrimination-8	theorist	4
GUM_academic_discrimination-8	have	5
GUM_academic_discrimination-8	explore	20
GUM_academic_discrimination-8	the	7
GUM_academic_discrimination-8	various	8
GUM_academic_discrimination-8	way	9
GUM_academic_discrimination-8	that	10
GUM_academic_discrimination-8	in	15
GUM_academic_discrimination-8	-	16
GUM_academic_discrimination-8	group	13
GUM_academic_discrimination-8	/	14
GUM_academic_discrimination-8	out	15
GUM_academic_discrimination-8	bias	18
GUM_academic_discrimination-8	emerge	19
GUM_academic_discrimination-8	across	20
GUM_academic_discrimination-8	history	22
GUM_academic_discrimination-8	of	23
GUM_academic_discrimination-8	our	24
GUM_academic_discrimination-8	species	25
GUM_academic_discrimination-8	.	26
GUM_academic_discrimination-8	[	27
GUM_academic_discrimination-8	10	28
GUM_academic_discrimination-8	]	0
GUM_academic_discrimination-9	in	2
GUM_academic_discrimination-9	many	3
GUM_academic_discrimination-9	respect	4
GUM_academic_discrimination-9	,	5
GUM_academic_discrimination-9	researcher	6
GUM_academic_discrimination-9	already	7
GUM_academic_discrimination-9	possess	8
GUM_academic_discrimination-9	a	9
GUM_academic_discrimination-9	wealth	17
GUM_academic_discrimination-9	of	11
GUM_academic_discrimination-9	knowledge	12
GUM_academic_discrimination-9	concern	13
GUM_academic_discrimination-9	the	14
GUM_academic_discrimination-9	origin	19
GUM_academic_discrimination-9	and	16
GUM_academic_discrimination-9	consequence	17
GUM_academic_discrimination-9	discrimination	19
GUM_academic_discrimination-9	bias	21
GUM_academic_discrimination-9	.	22
GUM_academic_discrimination-9	[	23
GUM_academic_discrimination-9	11	24
GUM_academic_discrimination-9	]	0
GUM_academic_discrimination-10	what	2
GUM_academic_discrimination-10	also	3
GUM_academic_discrimination-10	should	4
GUM_academic_discrimination-10	not	11
GUM_academic_discrimination-10	be	6
GUM_academic_discrimination-10	lose	7
GUM_academic_discrimination-10	in	8
GUM_academic_discrimination-10	discussion	24
GUM_academic_discrimination-10	of	10
GUM_academic_discrimination-10	discrimination	11
GUM_academic_discrimination-10	the	13
GUM_academic_discrimination-10	grow	14
GUM_academic_discrimination-10	push	15
GUM_academic_discrimination-10	to	16
GUM_academic_discrimination-10	implement	17
GUM_academic_discrimination-10	social	18
GUM_academic_discrimination-10	policy	19
GUM_academic_discrimination-10	aim	20
GUM_academic_discrimination-10	at	21
GUM_academic_discrimination-10	reduce	22
GUM_academic_discrimination-10	occurrence	24
GUM_academic_discrimination-10	discriminatory	26
GUM_academic_discrimination-10	practice	0
GUM_academic_discrimination-10	.	0
GUM_academic_discrimination-11	mandatory	2
GUM_academic_discrimination-11	diversity	3
GUM_academic_discrimination-11	training	16
GUM_academic_discrimination-11	in	5
GUM_academic_discrimination-11	professional	6
GUM_academic_discrimination-11	setting	10
GUM_academic_discrimination-11	,	8
GUM_academic_discrimination-11	for	9
GUM_academic_discrimination-11	example	10
GUM_academic_discrimination-11	be	12
GUM_academic_discrimination-11	intend	13
GUM_academic_discrimination-11	to	14
GUM_academic_discrimination-11	reduce	15
GUM_academic_discrimination-11	bias	16
GUM_academic_discrimination-11	the	18
GUM_academic_discrimination-11	workplace	19
GUM_academic_discrimination-11	by	20
GUM_academic_discrimination-11	increase	26
GUM_academic_discrimination-11	awareness	23
GUM_academic_discrimination-11	of	24
GUM_academic_discrimination-11	employee	25
GUM_academic_discrimination-11	regard	26
GUM_academic_discrimination-11	challenge	28
GUM_academic_discrimination-11	face	29
GUM_academic_discrimination-11	minority	30
GUM_academic_discrimination-11	group	31
GUM_academic_discrimination-11	member	32
GUM_academic_discrimination-11	.	33
GUM_academic_discrimination-11	[	34
GUM_academic_discrimination-11	12	35
GUM_academic_discrimination-11	]	0
GUM_academic_discrimination-12	indeed	25
GUM_academic_discrimination-12	,	11
GUM_academic_discrimination-12	the	4
GUM_academic_discrimination-12	implementation	5
GUM_academic_discrimination-12	of	6
GUM_academic_discrimination-12	certain	7
GUM_academic_discrimination-12	policy	17
GUM_academic_discrimination-12	be	9
GUM_academic_discrimination-12	root	27
GUM_academic_discrimination-12	in	11
GUM_academic_discrimination-12	assumption	13
GUM_academic_discrimination-12	that	14
GUM_academic_discrimination-12	discrimination	15
GUM_academic_discrimination-12	and	16
GUM_academic_discrimination-12	bias	17
GUM_academic_discrimination-12	at	20
GUM_academic_discrimination-12	least	21
GUM_academic_discrimination-12	to	22
GUM_academic_discrimination-12	some	23
GUM_academic_discrimination-12	appreciable	24
GUM_academic_discrimination-12	amount	25
GUM_academic_discrimination-12	present	27
GUM_academic_discrimination-12	modern	29
GUM_academic_discrimination-12	society	0
GUM_academic_discrimination-12	.	0
GUM_academic_discrimination-13	even	2
GUM_academic_discrimination-13	so	3
GUM_academic_discrimination-13	,	4
GUM_academic_discrimination-13	estimate	8
GUM_academic_discrimination-13	of	6
GUM_academic_discrimination-13	the	7
GUM_academic_discrimination-13	prevalence	8
GUM_academic_discrimination-13	perceive	10
GUM_academic_discrimination-13	discrimination	11
GUM_academic_discrimination-13	remain	12
GUM_academic_discrimination-13	rare	13
GUM_academic_discrimination-13	(	14
GUM_academic_discrimination-13	see	15
GUM_academic_discrimination-13	[	16
GUM_academic_discrimination-13	13	17
GUM_academic_discrimination-13	-	18
GUM_academic_discrimination-13	14	19
GUM_academic_discrimination-13	]	20
GUM_academic_discrimination-13	)	0
GUM_academic_discrimination-13	.	0
GUM_academic_discrimination-14	at	2
GUM_academic_discrimination-14	least	3
GUM_academic_discrimination-14	one	4
GUM_academic_discrimination-14	prior	5
GUM_academic_discrimination-14	study	6
GUM_academic_discrimination-14	by	7
GUM_academic_discrimination-14	Kessler	8
GUM_academic_discrimination-14	and	9
GUM_academic_discrimination-14	colleague	46
GUM_academic_discrimination-14	[	11
GUM_academic_discrimination-14	15	48
GUM_academic_discrimination-14	]	42
GUM_academic_discrimination-14	,	14
GUM_academic_discrimination-14	however	42
GUM_academic_discrimination-14	use	17
GUM_academic_discrimination-14	measure	37
GUM_academic_discrimination-14	of	19
GUM_academic_discrimination-14	perceive	38
GUM_academic_discrimination-14	discrimination	21
GUM_academic_discrimination-14	in	22
GUM_academic_discrimination-14	a	23
GUM_academic_discrimination-14	large	24
GUM_academic_discrimination-14	American	25
GUM_academic_discrimination-14	sample	42
GUM_academic_discrimination-14	report	28
GUM_academic_discrimination-14	that	29
GUM_academic_discrimination-14	approximately	30
GUM_academic_discrimination-14	33	31
GUM_academic_discrimination-14	%	37
GUM_academic_discrimination-14	respondent	34
GUM_academic_discrimination-14	some	36
GUM_academic_discrimination-14	form	37
GUM_academic_discrimination-14	(	40
GUM_academic_discrimination-14	see	41
GUM_academic_discrimination-14	also	42
GUM_academic_discrimination-14	Gibbons	44
GUM_academic_discrimination-14	et	45
GUM_academic_discrimination-14	al.	46
GUM_academic_discrimination-14	4	48
GUM_academic_discrimination-14	)	0
GUM_academic_discrimination-14	.	0
GUM_academic_discrimination-15	the	2
GUM_academic_discrimination-15	current	3
GUM_academic_discrimination-15	study	4
GUM_academic_discrimination-15	seek	5
GUM_academic_discrimination-15	to	6
GUM_academic_discrimination-15	build	7
GUM_academic_discrimination-15	on	8
GUM_academic_discrimination-15	this	9
GUM_academic_discrimination-15	research	10
GUM_academic_discrimination-15	by	11
GUM_academic_discrimination-15	estimate	27
GUM_academic_discrimination-15	prevalence	24
GUM_academic_discrimination-15	of	15
GUM_academic_discrimination-15	discrimination	16
GUM_academic_discrimination-15	experience	17
GUM_academic_discrimination-15	among	18
GUM_academic_discrimination-15	a	19
GUM_academic_discrimination-15	large	20
GUM_academic_discrimination-15	,	21
GUM_academic_discrimination-15	nationally	22
GUM_academic_discrimination-15	representative	23
GUM_academic_discrimination-15	sample	24
GUM_academic_discrimination-15	adult	26
GUM_academic_discrimination-15	from	27
GUM_academic_discrimination-15	Unite	29
GUM_academic_discrimination-15	State	0
GUM_academic_discrimination-15	.	0
GUM_academic_discrimination-16	additionally	2
GUM_academic_discrimination-16	,	6
GUM_academic_discrimination-16	the	4
GUM_academic_discrimination-16	analysis	5
GUM_academic_discrimination-16	address	6
GUM_academic_discrimination-16	perceive	8
GUM_academic_discrimination-16	reason	9
GUM_academic_discrimination-16	for	10
GUM_academic_discrimination-16	report	11
GUM_academic_discrimination-16	discrimination	12
GUM_academic_discrimination-16	experience	0
GUM_academic_discrimination-16	.	0
GUM_academic_discrimination-17	reason	2
GUM_academic_discrimination-17	for	3
GUM_academic_discrimination-17	discrimination	0
GUM_academic_discrimination-17	.	0
GUM_academic_discrimination-18	all	2
GUM_academic_discrimination-18	respondent	13
GUM_academic_discrimination-18	who	4
GUM_academic_discrimination-18	indicate	5
GUM_academic_discrimination-18	they	27
GUM_academic_discrimination-18	be	7
GUM_academic_discrimination-18	discriminate	8
GUM_academic_discrimination-18	against	26
GUM_academic_discrimination-18	—	10
GUM_academic_discrimination-18	specifically	11
GUM_academic_discrimination-18	,	12
GUM_academic_discrimination-18	that	13
GUM_academic_discrimination-18	respond	15
GUM_academic_discrimination-18	with	16
GUM_academic_discrimination-18	sometimes	17
GUM_academic_discrimination-18	or	18
GUM_academic_discrimination-18	often	19
GUM_academic_discrimination-18	to	29
GUM_academic_discrimination-18	the	21
GUM_academic_discrimination-18	perceive	22
GUM_academic_discrimination-18	discrimination	23
GUM_academic_discrimination-18	measure	24
GUM_academic_discrimination-18	describe	25
GUM_academic_discrimination-18	above	26
GUM_academic_discrimination-18	ask	29
GUM_academic_discrimination-18	follow	31
GUM_academic_discrimination-18	question	32
GUM_academic_discrimination-18	:	0
GUM_academic_discrimination-19	''	2
GUM_academic_discrimination-19	what	3
GUM_academic_discrimination-19	do	4
GUM_academic_discrimination-19	you	5
GUM_academic_discrimination-19	think	6
GUM_academic_discrimination-19	be	7
GUM_academic_discrimination-19	the	8
GUM_academic_discrimination-19	main	9
GUM_academic_discrimination-19	reason	10
GUM_academic_discrimination-19	for	11
GUM_academic_discrimination-19	this	12
GUM_academic_discrimination-19	experience	13
GUM_academic_discrimination-19	?	14
GUM_academic_discrimination-20	respondent	2
GUM_academic_discrimination-20	be	3
GUM_academic_discrimination-20	allow	4
GUM_academic_discrimination-20	to	5
GUM_academic_discrimination-20	choose	6
GUM_academic_discrimination-20	one	7
GUM_academic_discrimination-20	response	8
GUM_academic_discrimination-20	from	9
GUM_academic_discrimination-20	11	10
GUM_academic_discrimination-20	category	0
GUM_academic_discrimination-20	.	0
GUM_academic_discrimination-21	for	16
GUM_academic_discrimination-21	the	3
GUM_academic_discrimination-21	present	4
GUM_academic_discrimination-21	analysis	5
GUM_academic_discrimination-21	,	6
GUM_academic_discrimination-21	this	7
GUM_academic_discrimination-21	response	8
GUM_academic_discrimination-21	be	9
GUM_academic_discrimination-21	recode	10
GUM_academic_discrimination-21	into	11
GUM_academic_discrimination-21	nine	12
GUM_academic_discrimination-21	mutually	13
GUM_academic_discrimination-21	exclusive	14
GUM_academic_discrimination-21	category	15
GUM_academic_discrimination-21	capture	16
GUM_academic_discrimination-21	follow	18
GUM_academic_discrimination-21	option	19
GUM_academic_discrimination-21	:	0
GUM_academic_discrimination-22	race	4
GUM_academic_discrimination-22	/	3
GUM_academic_discrimination-22	ancestry	4
GUM_academic_discrimination-22	skin	6
GUM_academic_discrimination-22	color	7
GUM_academic_discrimination-22	;	0
GUM_academic_discrimination-23	gender	2
GUM_academic_discrimination-23	;	0
GUM_academic_discrimination-24	age	2
GUM_academic_discrimination-24	;	0
GUM_academic_discrimination-25	religion	2
GUM_academic_discrimination-25	;	0
GUM_academic_discrimination-26	height	2
GUM_academic_discrimination-26	or	3
GUM_academic_discrimination-26	weight	4
GUM_academic_discrimination-26	;	0
GUM_academic_discrimination-27	sexual	2
GUM_academic_discrimination-27	orientation	3
GUM_academic_discrimination-27	;	0
GUM_academic_discrimination-28	education	2
GUM_academic_discrimination-28	or	3
GUM_academic_discrimination-28	income	4
GUM_academic_discrimination-28	;	0
GUM_academic_discrimination-29	physical	2
GUM_academic_discrimination-29	disability	3
GUM_academic_discrimination-29	;	0
GUM_academic_discrimination-30	and	2
GUM_academic_discrimination-30	other	0
GUM_academic_discrimination-30	.	0
GUM_academic_discrimination-31	the	2
GUM_academic_discrimination-31	follow	12
GUM_academic_discrimination-31	category	4
GUM_academic_discrimination-31	from	14
GUM_academic_discrimination-31	original	7
GUM_academic_discrimination-31	questionnaire	8
GUM_academic_discrimination-31	be	9
GUM_academic_discrimination-31	collapse	10
GUM_academic_discrimination-31	into	11
GUM_academic_discrimination-31	one	12
GUM_academic_discrimination-31	for	14
GUM_academic_discrimination-31	analysis	16
GUM_academic_discrimination-31	:	17
GUM_academic_discrimination-31	race	23
GUM_academic_discrimination-31	;	19
GUM_academic_discrimination-31	ancestry	20
GUM_academic_discrimination-31	or	21
GUM_academic_discrimination-31	national	22
GUM_academic_discrimination-31	origin	23
GUM_academic_discrimination-31	and	25
GUM_academic_discrimination-31	shade	26
GUM_academic_discrimination-31	of	27
GUM_academic_discrimination-31	skin	28
GUM_academic_discrimination-31	color	0
GUM_academic_discrimination-31	.	0
GUM_academic_discrimination-32	additionally	16
GUM_academic_discrimination-32	,	3
GUM_academic_discrimination-32	because	4
GUM_academic_discrimination-32	this	5
GUM_academic_discrimination-32	question	6
GUM_academic_discrimination-32	be	7
GUM_academic_discrimination-32	only	8
GUM_academic_discrimination-32	ask	28
GUM_academic_discrimination-32	of	10
GUM_academic_discrimination-32	respondent	11
GUM_academic_discrimination-32	who	12
GUM_academic_discrimination-32	report	13
GUM_academic_discrimination-32	prior	14
GUM_academic_discrimination-32	discrimination	15
GUM_academic_discrimination-32	experience	16
GUM_academic_discrimination-32	the	18
GUM_academic_discrimination-32	build	19
GUM_academic_discrimination-32	-	24
GUM_academic_discrimination-32	in	35
GUM_academic_discrimination-32	skip	22
GUM_academic_discrimination-32	pattern	23
GUM_academic_discrimination-32	result	24
GUM_academic_discrimination-32	a	26
GUM_academic_discrimination-32	large	27
GUM_academic_discrimination-32	number	28
GUM_academic_discrimination-32	case	30
GUM_academic_discrimination-32	score	31
GUM_academic_discrimination-32	as	32
GUM_academic_discrimination-32	missing	33
GUM_academic_discrimination-32	(	34
GUM_academic_discrimination-32	legitimate	35
GUM_academic_discrimination-32	)	0
GUM_academic_discrimination-32	.	0
GUM_academic_discrimination-33	respondent	2
GUM_academic_discrimination-33	race	0
GUM_academic_discrimination-33	.	0
GUM_academic_discrimination-34	because	2
GUM_academic_discrimination-34	a	3
GUM_academic_discrimination-34	race	4
GUM_academic_discrimination-34	variable	5
GUM_academic_discrimination-34	be	6
GUM_academic_discrimination-34	not	7
GUM_academic_discrimination-34	available	8
GUM_academic_discrimination-34	from	24
GUM_academic_discrimination-34	the	25
GUM_academic_discrimination-34	Wave	11
GUM_academic_discrimination-34	4	27
GUM_academic_discrimination-34	interview	13
GUM_academic_discrimination-34	,	14
GUM_academic_discrimination-34	we	15
GUM_academic_discrimination-34	use	24
GUM_academic_discrimination-34	racial	18
GUM_academic_discrimination-34	category	19
GUM_academic_discrimination-34	report	20
GUM_academic_discrimination-34	by	24
GUM_academic_discrimination-34	respondent	23
GUM_academic_discrimination-34	during	24
GUM_academic_discrimination-34	1	27
GUM_academic_discrimination-34	.	0
GUM_academic_discrimination-35	Wave	2
GUM_academic_discrimination-35	1	12
GUM_academic_discrimination-35	race	13
GUM_academic_discrimination-35	—	5
GUM_academic_discrimination-35	rather	6
GUM_academic_discrimination-35	than	9
GUM_academic_discrimination-35	,	8
GUM_academic_discrimination-35	say	9
GUM_academic_discrimination-35	3	12
GUM_academic_discrimination-35	be	15
GUM_academic_discrimination-35	use	16
GUM_academic_discrimination-35	to	17
GUM_academic_discrimination-35	preserve	18
GUM_academic_discrimination-35	case	19
GUM_academic_discrimination-35	count	0
GUM_academic_discrimination-35	.	0
GUM_academic_discrimination-36	the	2
GUM_academic_discrimination-36	logic	24
GUM_academic_discrimination-36	be	4
GUM_academic_discrimination-36	that	5
GUM_academic_discrimination-36	(	6
GUM_academic_discrimination-36	nearly	7
GUM_academic_discrimination-36	)	21
GUM_academic_discrimination-36	all	27
GUM_academic_discrimination-36	Wave	10
GUM_academic_discrimination-36	4	11
GUM_academic_discrimination-36	respondent	12
GUM_academic_discrimination-36	appear	13
GUM_academic_discrimination-36	in	14
GUM_academic_discrimination-36	1	17
GUM_academic_discrimination-36	sample	18
GUM_academic_discrimination-36	,	19
GUM_academic_discrimination-36	but	20
GUM_academic_discrimination-36	not	21
GUM_academic_discrimination-36	would	23
GUM_academic_discrimination-36	have	24
GUM_academic_discrimination-36	interview	26
GUM_academic_discrimination-36	at	27
GUM_academic_discrimination-36	3	29
GUM_academic_discrimination-36	due	30
GUM_academic_discrimination-36	to	31
GUM_academic_discrimination-36	differential	32
GUM_academic_discrimination-36	pattern	33
GUM_academic_discrimination-36	of	34
GUM_academic_discrimination-36	temporary	35
GUM_academic_discrimination-36	attrition	0
GUM_academic_discrimination-36	.	0
GUM_academic_discrimination-37	respondent	2
GUM_academic_discrimination-37	be	3
GUM_academic_discrimination-37	ask	4
GUM_academic_discrimination-37	to	5
GUM_academic_discrimination-37	indicate	6
GUM_academic_discrimination-37	their	7
GUM_academic_discrimination-37	race	8
GUM_academic_discrimination-37	from	9
GUM_academic_discrimination-37	among	10
GUM_academic_discrimination-37	the	11
GUM_academic_discrimination-37	follow	12
GUM_academic_discrimination-37	category	13
GUM_academic_discrimination-37	:	14
GUM_academic_discrimination-37	White	28
GUM_academic_discrimination-37	;	16
GUM_academic_discrimination-37	Black	31
GUM_academic_discrimination-37	or	18
GUM_academic_discrimination-37	African	27
GUM_academic_discrimination-37	American	28
GUM_academic_discrimination-37	Hispanic	28
GUM_academic_discrimination-37	Indian	31
GUM_academic_discrimination-37	Native	27
GUM_academic_discrimination-37	and	30
GUM_academic_discrimination-37	Asian	31
GUM_academic_discrimination-37	Pacific	33
GUM_academic_discrimination-37	Islander	0
GUM_academic_discrimination-37	.	0
GUM_academic_discrimination-38	respondent	17
GUM_academic_discrimination-38	be	3
GUM_academic_discrimination-38	provide	4
GUM_academic_discrimination-38	the	5
GUM_academic_discrimination-38	opportunity	6
GUM_academic_discrimination-38	to	7
GUM_academic_discrimination-38	select	8
GUM_academic_discrimination-38	more	9
GUM_academic_discrimination-38	than	10
GUM_academic_discrimination-38	one	11
GUM_academic_discrimination-38	race	12
GUM_academic_discrimination-38	,	13
GUM_academic_discrimination-38	and	14
GUM_academic_discrimination-38	that	15
GUM_academic_discrimination-38	who	16
GUM_academic_discrimination-38	do	17
GUM_academic_discrimination-38	ask	19
GUM_academic_discrimination-38	a	20
GUM_academic_discrimination-38	follow	21
GUM_academic_discrimination-38	-	22
GUM_academic_discrimination-38	up	23
GUM_academic_discrimination-38	question	24
GUM_academic_discrimination-38	regard	25
GUM_academic_discrimination-38	which	26
GUM_academic_discrimination-38	category	27
GUM_academic_discrimination-38	well	28
GUM_academic_discrimination-38	describe	29
GUM_academic_discrimination-38	their	30
GUM_academic_discrimination-38	racial	31
GUM_academic_discrimination-38	background	0
GUM_academic_discrimination-38	.	0
GUM_academic_discrimination-39	in	2
GUM_academic_discrimination-39	the	3
GUM_academic_discrimination-39	current	4
GUM_academic_discrimination-39	study	5
GUM_academic_discrimination-39	,	6
GUM_academic_discrimination-39	that	7
GUM_academic_discrimination-39	respondent	8
GUM_academic_discrimination-39	who	9
GUM_academic_discrimination-39	indicate	10
GUM_academic_discrimination-39	more	11
GUM_academic_discrimination-39	than	12
GUM_academic_discrimination-39	one	19
GUM_academic_discrimination-39	race	14
GUM_academic_discrimination-39	be	15
GUM_academic_discrimination-39	code	16
GUM_academic_discrimination-39	as	20
GUM_academic_discrimination-39	''	18
GUM_academic_discrimination-39	mix	19
GUM_academic_discrimination-39	.	0
GUM_academic_discrimination-40	demographic	2
GUM_academic_discrimination-40	variable	0
GUM_academic_discrimination-40	.	0
GUM_academic_discrimination-41	to	2
GUM_academic_discrimination-41	provide	3
GUM_academic_discrimination-41	information	4
GUM_academic_discrimination-41	on	5
GUM_academic_discrimination-41	the	6
GUM_academic_discrimination-41	analytical	7
GUM_academic_discrimination-41	sample	8
GUM_academic_discrimination-41	as	9
GUM_academic_discrimination-41	a	10
GUM_academic_discrimination-41	whole	11
GUM_academic_discrimination-41	,	12
GUM_academic_discrimination-41	two	13
GUM_academic_discrimination-41	additional	14
GUM_academic_discrimination-41	demographic	15
GUM_academic_discrimination-41	variable	16
GUM_academic_discrimination-41	be	17
GUM_academic_discrimination-41	include	0
GUM_academic_discrimination-41	.	0
GUM_academic_discrimination-42	first	2
GUM_academic_discrimination-42	,	3
GUM_academic_discrimination-42	age	4
GUM_academic_discrimination-42	be	5
GUM_academic_discrimination-42	a	6
GUM_academic_discrimination-42	continuous	7
GUM_academic_discrimination-42	measure	8
GUM_academic_discrimination-42	create	9
GUM_academic_discrimination-42	by	10
GUM_academic_discrimination-42	subtract	28
GUM_academic_discrimination-42	the	26
GUM_academic_discrimination-42	year	27
GUM_academic_discrimination-42	of	28
GUM_academic_discrimination-42	respondent	16
GUM_academic_discrimination-42	's	17
GUM_academic_discrimination-42	birth	18
GUM_academic_discrimination-42	(	19
GUM_academic_discrimination-42	obtain	24
GUM_academic_discrimination-42	from	31
GUM_academic_discrimination-42	Wave	22
GUM_academic_discrimination-42	1	23
GUM_academic_discrimination-42	)	24
GUM_academic_discrimination-42	interview	30
GUM_academic_discrimination-42	at	31
GUM_academic_discrimination-42	4	0
GUM_academic_discrimination-42	.	0
GUM_academic_discrimination-43	second	2
GUM_academic_discrimination-43	,	13
GUM_academic_discrimination-43	sex	4
GUM_academic_discrimination-43	be	5
GUM_academic_discrimination-43	dichotomously	6
GUM_academic_discrimination-43	code	7
GUM_academic_discrimination-43	base	8
GUM_academic_discrimination-43	on	15
GUM_academic_discrimination-43	the	10
GUM_academic_discrimination-43	self	11
GUM_academic_discrimination-43	-	12
GUM_academic_discrimination-43	report	13
GUM_academic_discrimination-43	of	15
GUM_academic_discrimination-43	respondent	17
GUM_academic_discrimination-43	at	18
GUM_academic_discrimination-43	Wave	19
GUM_academic_discrimination-43	4	20
GUM_academic_discrimination-43	(	21
GUM_academic_discrimination-43	0	26
GUM_academic_discrimination-43	=	23
GUM_academic_discrimination-43	female	24
GUM_academic_discrimination-43	and	25
GUM_academic_discrimination-43	1	26
GUM_academic_discrimination-43	male	28
GUM_academic_discrimination-43	)	0
GUM_academic_discrimination-43	.	0
GUM_academic_discrimination-44	analytical	2
GUM_academic_discrimination-44	plan	0
GUM_academic_discrimination-44	.	0
GUM_academic_discrimination-45	our	2
GUM_academic_discrimination-45	exploratory	3
GUM_academic_discrimination-45	study	4
GUM_academic_discrimination-45	include	5
GUM_academic_discrimination-45	three	6
GUM_academic_discrimination-45	basic	7
GUM_academic_discrimination-45	step	0
GUM_academic_discrimination-45	.	0
GUM_academic_discrimination-46	first	2
GUM_academic_discrimination-46	,	3
GUM_academic_discrimination-46	summary	4
GUM_academic_discrimination-46	statistic	5
GUM_academic_discrimination-46	of	6
GUM_academic_discrimination-46	the	7
GUM_academic_discrimination-46	study	8
GUM_academic_discrimination-46	variable	9
GUM_academic_discrimination-46	and	10
GUM_academic_discrimination-46	racial	11
GUM_academic_discrimination-46	category	12
GUM_academic_discrimination-46	be	13
GUM_academic_discrimination-46	produce	0
GUM_academic_discrimination-46	.	0
GUM_academic_discrimination-47	second	2
GUM_academic_discrimination-47	,	3
GUM_academic_discrimination-47	we	4
GUM_academic_discrimination-47	examine	9
GUM_academic_discrimination-47	the	6
GUM_academic_discrimination-47	relative	7
GUM_academic_discrimination-47	proportion	8
GUM_academic_discrimination-47	of	9
GUM_academic_discrimination-47	two	11
GUM_academic_discrimination-47	discrimination	12
GUM_academic_discrimination-47	experience	13
GUM_academic_discrimination-47	measure	14
GUM_academic_discrimination-47	across	15
GUM_academic_discrimination-47	each	16
GUM_academic_discrimination-47	racial	17
GUM_academic_discrimination-47	category	0
GUM_academic_discrimination-47	.	0
GUM_academic_discrimination-48	finally	2
GUM_academic_discrimination-48	,	3
GUM_academic_discrimination-48	we	4
GUM_academic_discrimination-48	assess	13
GUM_academic_discrimination-48	the	6
GUM_academic_discrimination-48	distribution	7
GUM_academic_discrimination-48	of	8
GUM_academic_discrimination-48	report	9
GUM_academic_discrimination-48	reason	10
GUM_academic_discrimination-48	for	11
GUM_academic_discrimination-48	discrimination	12
GUM_academic_discrimination-48	across	13
GUM_academic_discrimination-48	racial	15
GUM_academic_discrimination-48	category	0
GUM_academic_discrimination-48	.	0
GUM_academic_discrimination-49	in	2
GUM_academic_discrimination-49	order	3
GUM_academic_discrimination-49	to	4
GUM_academic_discrimination-49	examine	5
GUM_academic_discrimination-49	potential	6
GUM_academic_discrimination-49	bivariate	7
GUM_academic_discrimination-49	association	8
GUM_academic_discrimination-49	,	34
GUM_academic_discrimination-49	the	10
GUM_academic_discrimination-49	adjust	17
GUM_academic_discrimination-49	F	12
GUM_academic_discrimination-49	statistic	13
GUM_academic_discrimination-49	(	28
GUM_academic_discrimination-49	design	15
GUM_academic_discrimination-49	-	16
GUM_academic_discrimination-49	base	17
GUM_academic_discrimination-49	)	19
GUM_academic_discrimination-49	be	20
GUM_academic_discrimination-49	employ	30
GUM_academic_discrimination-49	as	22
GUM_academic_discrimination-49	it	23
GUM_academic_discrimination-49	correct	24
GUM_academic_discrimination-49	for	25
GUM_academic_discrimination-49	a	26
GUM_academic_discrimination-49	complex	27
GUM_academic_discrimination-49	sample	28
GUM_academic_discrimination-49	such	30
GUM_academic_discrimination-49	that	32
GUM_academic_discrimination-49	use	33
GUM_academic_discrimination-49	Add	36
GUM_academic_discrimination-49	Health	37
GUM_academic_discrimination-49	.	38
GUM_academic_discrimination-49	[	39
GUM_academic_discrimination-49	21	40
GUM_academic_discrimination-49	]	0
GUM_academic_discrimination-50	more	2
GUM_academic_discrimination-50	specifically	51
GUM_academic_discrimination-50	,	4
GUM_academic_discrimination-50	when	5
GUM_academic_discrimination-50	analyze	6
GUM_academic_discrimination-50	weight	7
GUM_academic_discrimination-50	sample	8
GUM_academic_discrimination-50	datum	9
GUM_academic_discrimination-50	employ	17
GUM_academic_discrimination-50	the	11
GUM_academic_discrimination-50	svy	12
GUM_academic_discrimination-50	suite	35
GUM_academic_discrimination-50	of	14
GUM_academic_discrimination-50	command	15
GUM_academic_discrimination-50	in	16
GUM_academic_discrimination-50	Stata	17
GUM_academic_discrimination-50	conventional	19
GUM_academic_discrimination-50	Pearson	20
GUM_academic_discrimination-50	χ2	31
GUM_academic_discrimination-50	statistic	22
GUM_academic_discrimination-50	test	35
GUM_academic_discrimination-50	independence	25
GUM_academic_discrimination-50	be	26
GUM_academic_discrimination-50	convert	27
GUM_academic_discrimination-50	into	58
GUM_academic_discrimination-50	''	39
GUM_academic_discrimination-50	a	30
GUM_academic_discrimination-50	F	31
GUM_academic_discrimination-50	with	33
GUM_academic_discrimination-50	noninteger	34
GUM_academic_discrimination-50	degree	35
GUM_academic_discrimination-50	freedom	37
GUM_academic_discrimination-50	by	38
GUM_academic_discrimination-50	use	39
GUM_academic_discrimination-50	second	41
GUM_academic_discrimination-50	-	42
GUM_academic_discrimination-50	order	43
GUM_academic_discrimination-50	Rao	44
GUM_academic_discrimination-50	and	45
GUM_academic_discrimination-50	Scott	46
GUM_academic_discrimination-50	(	47
GUM_academic_discrimination-50	1981	60
GUM_academic_discrimination-50	[	49
GUM_academic_discrimination-50	22	62
GUM_academic_discrimination-50	]	51
GUM_academic_discrimination-50	1984	60
GUM_academic_discrimination-50	23	62
GUM_academic_discrimination-50	)	57
GUM_academic_discrimination-50	correction	58
GUM_academic_discrimination-50	.	60
GUM_academic_discrimination-50	24	62
GUM_academic_discrimination-51	the	2
GUM_academic_discrimination-51	p	9
GUM_academic_discrimination-51	-	4
GUM_academic_discrimination-51	value	19
GUM_academic_discrimination-51	associate	20
GUM_academic_discrimination-51	with	37
GUM_academic_discrimination-51	design	9
GUM_academic_discrimination-51	base	11
GUM_academic_discrimination-51	F	12
GUM_academic_discrimination-51	be	13
GUM_academic_discrimination-51	thus	14
GUM_academic_discrimination-51	more	15
GUM_academic_discrimination-51	accurate	16
GUM_academic_discrimination-51	(	17
GUM_academic_discrimination-51	than	37
GUM_academic_discrimination-51	χ2	23
GUM_academic_discrimination-51	statistic	24
GUM_academic_discrimination-51	)	25
GUM_academic_discrimination-51	give	37
GUM_academic_discrimination-51	adjustment	28
GUM_academic_discrimination-51	and	29
GUM_academic_discrimination-51	calculation	30
GUM_academic_discrimination-51	take	31
GUM_academic_discrimination-51	into	32
GUM_academic_discrimination-51	account	37
GUM_academic_discrimination-51	weight	35
GUM_academic_discrimination-51	nature	36
GUM_academic_discrimination-51	of	37
GUM_academic_discrimination-51	datum	0
GUM_academic_discrimination-51	.	0
GUM_academic_discrimination-52	this	2
GUM_academic_discrimination-52	final	3
GUM_academic_discrimination-52	step	4
GUM_academic_discrimination-52	also	5
GUM_academic_discrimination-52	include	6
GUM_academic_discrimination-52	a	7
GUM_academic_discrimination-52	examination	12
GUM_academic_discrimination-52	of	16
GUM_academic_discrimination-52	the	10
GUM_academic_discrimination-52	relative	11
GUM_academic_discrimination-52	distribution	12
GUM_academic_discrimination-52	racial	14
GUM_academic_discrimination-52	category	15
GUM_academic_discrimination-52	across	16
GUM_academic_discrimination-52	various	18
GUM_academic_discrimination-52	report	19
GUM_academic_discrimination-52	reason	20
GUM_academic_discrimination-52	for	21
GUM_academic_discrimination-52	discrimination	0
GUM_academic_discrimination-52	.	0
GUM_academic_discrimination-53	as	2
GUM_academic_discrimination-53	note	3
GUM_academic_discrimination-53	early	4
GUM_academic_discrimination-53	,	5
GUM_academic_discrimination-53	all	6
GUM_academic_discrimination-53	analysis	24
GUM_academic_discrimination-53	be	13
GUM_academic_discrimination-53	weight	9
GUM_academic_discrimination-53	accord	10
GUM_academic_discrimination-53	to	33
GUM_academic_discrimination-53	the	12
GUM_academic_discrimination-53	survey	13
GUM_academic_discrimination-53	provide	15
GUM_academic_discrimination-53	by	33
GUM_academic_discrimination-53	Add	18
GUM_academic_discrimination-53	Health	19
GUM_academic_discrimination-53	research	20
GUM_academic_discrimination-53	staff	29
GUM_academic_discrimination-53	and	22
GUM_academic_discrimination-53	standard	23
GUM_academic_discrimination-53	error	24
GUM_academic_discrimination-53	correct	26
GUM_academic_discrimination-53	for	33
GUM_academic_discrimination-53	clustering	29
GUM_academic_discrimination-53	stratification	31
GUM_academic_discrimination-53	that	32
GUM_academic_discrimination-53	define	33
GUM_academic_discrimination-53	sampling	35
GUM_academic_discrimination-53	strategy	0
GUM_academic_discrimination-53	.	0
GUM_academic_discrimination-54	thus	2
GUM_academic_discrimination-54	,	3
GUM_academic_discrimination-54	all	4
GUM_academic_discrimination-54	estimate	5
GUM_academic_discrimination-54	report	6
GUM_academic_discrimination-54	here	7
GUM_academic_discrimination-54	can	8
GUM_academic_discrimination-54	be	9
GUM_academic_discrimination-54	consider	10
GUM_academic_discrimination-54	nationally	11
GUM_academic_discrimination-54	representative	12
GUM_academic_discrimination-54	of	13
GUM_academic_discrimination-54	the	14
GUM_academic_discrimination-54	Unite	15
GUM_academic_discrimination-54	State	0
GUM_academic_discrimination-54	.	0
GUM_academic_eegimaa-1	2.	2
GUM_academic_eegimaa-1	Gujjolaay	3
GUM_academic_eegimaa-1	Eegimaa	4
GUM_academic_eegimaa-1	,	5
GUM_academic_eegimaa-1	its	6
GUM_academic_eegimaa-1	speaker	7
GUM_academic_eegimaa-1	and	8
GUM_academic_eegimaa-1	their	0
GUM_academic_eegimaa-1	neighbour	0
GUM_academic_eegimaa-2	this	2
GUM_academic_eegimaa-2	section	3
GUM_academic_eegimaa-2	briefly	4
GUM_academic_eegimaa-2	present	5
GUM_academic_eegimaa-2	the	6
GUM_academic_eegimaa-2	Gújjolaay	9
GUM_academic_eegimaa-2	Eegimaa	8
GUM_academic_eegimaa-2	(	9
GUM_academic_eegimaa-2	for	11
GUM_academic_eegimaa-2	short	12
GUM_academic_eegimaa-2	;	13
GUM_academic_eegimaa-2	Ethnologue	14
GUM_academic_eegimaa-2	code	18
GUM_academic_eegimaa-2	:	16
GUM_academic_eegimaa-2	ISO	17
GUM_academic_eegimaa-2	639-3	18
GUM_academic_eegimaa-2	bqj	20
GUM_academic_eegimaa-2	)	21
GUM_academic_eegimaa-2	,	25
GUM_academic_eegimaa-2	its	23
GUM_academic_eegimaa-2	speaker	24
GUM_academic_eegimaa-2	and	25
GUM_academic_eegimaa-2	variety	0
GUM_academic_eegimaa-2	.	0
GUM_academic_eegimaa-3	we	2
GUM_academic_eegimaa-3	also	3
GUM_academic_eegimaa-3	discuss	4
GUM_academic_eegimaa-3	aspect	9
GUM_academic_eegimaa-3	of	10
GUM_academic_eegimaa-3	the	7
GUM_academic_eegimaa-3	contact	8
GUM_academic_eegimaa-3	situation	9
GUM_academic_eegimaa-3	Eegimaa	12
GUM_academic_eegimaa-3	language	0
GUM_academic_eegimaa-3	.	0
GUM_academic_eegimaa-4	this	27
GUM_academic_eegimaa-4	be	3
GUM_academic_eegimaa-4	important	14
GUM_academic_eegimaa-4	,	5
GUM_academic_eegimaa-4	because	6
GUM_academic_eegimaa-4	as	7
GUM_academic_eegimaa-4	we	8
GUM_academic_eegimaa-4	will	9
GUM_academic_eegimaa-4	show	10
GUM_academic_eegimaa-4	in	11
GUM_academic_eegimaa-4	§	12
GUM_academic_eegimaa-4	6	13
GUM_academic_eegimaa-4	below	14
GUM_academic_eegimaa-4	some	16
GUM_academic_eegimaa-4	of	17
GUM_academic_eegimaa-4	the	30
GUM_academic_eegimaa-4	Eegimaa	19
GUM_academic_eegimaa-4	death	20
GUM_academic_eegimaa-4	prevention	26
GUM_academic_eegimaa-4	name	22
GUM_academic_eegimaa-4	and	23
GUM_academic_eegimaa-4	child	24
GUM_academic_eegimaa-4	-	25
GUM_academic_eegimaa-4	bearing	26
GUM_academic_eegimaa-4	give	29
GUM_academic_eegimaa-4	to	30
GUM_academic_eegimaa-4	person	32
GUM_academic_eegimaa-4	from	33
GUM_academic_eegimaa-4	other	34
GUM_academic_eegimaa-4	community	0
GUM_academic_eegimaa-4	.	0
GUM_academic_eegimaa-5	Eegimaa	20
GUM_academic_eegimaa-5	be	16
GUM_academic_eegimaa-5	a	4
GUM_academic_eegimaa-5	Jóola	5
GUM_academic_eegimaa-5	language	6
GUM_academic_eegimaa-5	speak	7
GUM_academic_eegimaa-5	in	8
GUM_academic_eegimaa-5	the	9
GUM_academic_eegimaa-5	Basse	10
GUM_academic_eegimaa-5	Casamance	11
GUM_academic_eegimaa-5	area	12
GUM_academic_eegimaa-5	of	13
GUM_academic_eegimaa-5	Southern	14
GUM_academic_eegimaa-5	Senegal	15
GUM_academic_eegimaa-5	by	16
GUM_academic_eegimaa-5	population	18
GUM_academic_eegimaa-5	estimate	19
GUM_academic_eegimaa-5	to	20
GUM_academic_eegimaa-5	between	22
GUM_academic_eegimaa-5	7000	31
GUM_academic_eegimaa-5	(	24
GUM_academic_eegimaa-5	Bassène	38
GUM_academic_eegimaa-5	,	26
GUM_academic_eegimaa-5	2007	40
GUM_academic_eegimaa-5	)	28
GUM_academic_eegimaa-5	and	29
GUM_academic_eegimaa-5	11200	30
GUM_academic_eegimaa-5	speaker	31
GUM_academic_eegimaa-5	Lewis	38
GUM_academic_eegimaa-5	Simons	38
GUM_academic_eegimaa-5	&	37
GUM_academic_eegimaa-5	Fennig	38
GUM_academic_eegimaa-5	2014	40
GUM_academic_eegimaa-5	.	0
GUM_academic_eegimaa-6	Jóola	22
GUM_academic_eegimaa-6	language	3
GUM_academic_eegimaa-6	be	4
GUM_academic_eegimaa-6	classify	5
GUM_academic_eegimaa-6	as	6
GUM_academic_eegimaa-6	member	18
GUM_academic_eegimaa-6	of	8
GUM_academic_eegimaa-6	Sapir	9
GUM_academic_eegimaa-6	's	10
GUM_academic_eegimaa-6	(	11
GUM_academic_eegimaa-6	1971	12
GUM_academic_eegimaa-6	)	13
GUM_academic_eegimaa-6	Bak	14
GUM_academic_eegimaa-6	group	18
GUM_academic_eegimaa-6	Atlantic	22
GUM_academic_eegimaa-6	the	20
GUM_academic_eegimaa-6	Niger	21
GUM_academic_eegimaa-6	Congo	22
GUM_academic_eegimaa-6	phylum	0
GUM_academic_eegimaa-6	.	0
GUM_academic_eegimaa-7	speaker	16
GUM_academic_eegimaa-7	of	3
GUM_academic_eegimaa-7	this	4
GUM_academic_eegimaa-7	language	5
GUM_academic_eegimaa-7	be	6
GUM_academic_eegimaa-7	find	20
GUM_academic_eegimaa-7	in	12
GUM_academic_eegimaa-7	the	9
GUM_academic_eegimaa-7	Gambia	10
GUM_academic_eegimaa-7	,	20
GUM_academic_eegimaa-7	former	14
GUM_academic_eegimaa-7	Casamance	15
GUM_academic_eegimaa-7	region	16
GUM_academic_eegimaa-7	Southern	18
GUM_academic_eegimaa-7	Senegal	19
GUM_academic_eegimaa-7	and	20
GUM_academic_eegimaa-7	Guinea	22
GUM_academic_eegimaa-7	Bissau	0
GUM_academic_eegimaa-7	.	0
GUM_academic_eegimaa-8	the	2
GUM_academic_eegimaa-8	map	3
GUM_academic_eegimaa-8	in	4
GUM_academic_eegimaa-8	Figure	5
GUM_academic_eegimaa-8	1	10
GUM_academic_eegimaa-8	,	7
GUM_academic_eegimaa-8	take	8
GUM_academic_eegimaa-8	from	9
GUM_academic_eegimaa-8	Ethnologue	10
GUM_academic_eegimaa-8	present	12
GUM_academic_eegimaa-8	language	14
GUM_academic_eegimaa-8	of	15
GUM_academic_eegimaa-8	Senegal	0
GUM_academic_eegimaa-8	.	0
GUM_academic_eegimaa-9	the	2
GUM_academic_eegimaa-9	arrow	3
GUM_academic_eegimaa-9	on	15
GUM_academic_eegimaa-9	map	6
GUM_academic_eegimaa-9	point	7
GUM_academic_eegimaa-9	to	15
GUM_academic_eegimaa-9	Eegimaa	10
GUM_academic_eegimaa-9	speak	11
GUM_academic_eegimaa-9	area	12
GUM_academic_eegimaa-9	(	13
GUM_academic_eegimaa-9	Bandial	14
GUM_academic_eegimaa-9	be	15
GUM_academic_eegimaa-9	name	17
GUM_academic_eegimaa-9	use	18
GUM_academic_eegimaa-9	by	19
GUM_academic_eegimaa-9	Ethnologue	20
GUM_academic_eegimaa-9	for	21
GUM_academic_eegimaa-9	)	0
GUM_academic_eegimaa-9	.	0
GUM_academic_eegimaa-10	Eegimaa	2
GUM_academic_eegimaa-10	be	3
GUM_academic_eegimaa-10	mainly	4
GUM_academic_eegimaa-10	speak	31
GUM_academic_eegimaa-10	in	6
GUM_academic_eegimaa-10	Mof-Ávvi	20
GUM_academic_eegimaa-10	,	8
GUM_academic_eegimaa-10	a	26
GUM_academic_eegimaa-10	former	10
GUM_academic_eegimaa-10	kingdom	34
GUM_academic_eegimaa-10	of	12
GUM_academic_eegimaa-10	10	13
GUM_academic_eegimaa-10	village	14
GUM_academic_eegimaa-10	locate	15
GUM_academic_eegimaa-10	to	32
GUM_academic_eegimaa-10	the	17
GUM_academic_eegimaa-10	west	34
GUM_academic_eegimaa-10	Ziguinchor	20
GUM_academic_eegimaa-10	capital	23
GUM_academic_eegimaa-10	city	34
GUM_academic_eegimaa-10	administrative	28
GUM_academic_eegimaa-10	region	34
GUM_academic_eegimaa-10	Casamance	31
GUM_academic_eegimaa-10	south	34
GUM_academic_eegimaa-10	Senegal	0
GUM_academic_eegimaa-10	.	0
GUM_academic_eegimaa-11	Mof-Ávvi	2
GUM_academic_eegimaa-11	be	3
GUM_academic_eegimaa-11	a	4
GUM_academic_eegimaa-11	peninsula	5
GUM_academic_eegimaa-11	border	30
GUM_academic_eegimaa-11	by	38
GUM_academic_eegimaa-11	the	8
GUM_academic_eegimaa-11	Casamance	9
GUM_academic_eegimaa-11	River	27
GUM_academic_eegimaa-11	to	38
GUM_academic_eegimaa-11	north	36
GUM_academic_eegimaa-11	,	14
GUM_academic_eegimaa-11	which	15
GUM_academic_eegimaa-11	separate	16
GUM_academic_eegimaa-11	it	17
GUM_academic_eegimaa-11	from	38
GUM_academic_eegimaa-11	Jóola	20
GUM_academic_eegimaa-11	Búluf	42
GUM_academic_eegimaa-11	and	22
GUM_academic_eegimaa-11	Fogny	24
GUM_academic_eegimaa-11	area	36
GUM_academic_eegimaa-11	east	30
GUM_academic_eegimaa-11	village	33
GUM_academic_eegimaa-11	Brin	42
GUM_academic_eegimaa-11	Djibonker	36
GUM_academic_eegimaa-11	where	38
GUM_academic_eegimaa-11	speaker	40
GUM_academic_eegimaa-11	of	41
GUM_academic_eegimaa-11	Kujireray	42
GUM_academic_eegimaa-11	Baïnounk	44
GUM_academic_eegimaa-11	Gubëeher	45
GUM_academic_eegimaa-11	live	0
GUM_academic_eegimaa-11	.	0
GUM_academic_eegimaa-12	in	30
GUM_academic_eegimaa-12	the	3
GUM_academic_eegimaa-12	south	18
GUM_academic_eegimaa-12	,	30
GUM_academic_eegimaa-12	river	7
GUM_academic_eegimaa-12	know	8
GUM_academic_eegimaa-12	as	9
GUM_academic_eegimaa-12	Kamobeul	10
GUM_academic_eegimaa-12	Bolon	11
GUM_academic_eegimaa-12	separate	24
GUM_academic_eegimaa-12	Mof-Ávvi	13
GUM_academic_eegimaa-12	from	30
GUM_academic_eegimaa-12	Bayot	16
GUM_academic_eegimaa-12	speak	17
GUM_academic_eegimaa-12	area	18
GUM_academic_eegimaa-12	while	30
GUM_academic_eegimaa-12	west	22
GUM_academic_eegimaa-12	side	29
GUM_academic_eegimaa-12	of	24
GUM_academic_eegimaa-12	coincide	26
GUM_academic_eegimaa-12	with	30
GUM_academic_eegimaa-12	homeland	29
GUM_academic_eegimaa-12	Jóola	36
GUM_academic_eegimaa-12	Kaasa	33
GUM_academic_eegimaa-12	Húluf	34
GUM_academic_eegimaa-12	and	35
GUM_academic_eegimaa-12	Ésuulaaluʔ	0
GUM_academic_eegimaa-12	.	0
GUM_academic_eegimaa-13	the	2
GUM_academic_eegimaa-13	map	24
GUM_academic_eegimaa-13	in	4
GUM_academic_eegimaa-13	Figure	5
GUM_academic_eegimaa-13	2	6
GUM_academic_eegimaa-13	below	16
GUM_academic_eegimaa-13	,	8
GUM_academic_eegimaa-13	adapt	9
GUM_academic_eegimaa-13	from	10
GUM_academic_eegimaa-13	Palmeri	11
GUM_academic_eegimaa-13	and	12
GUM_academic_eegimaa-13	Gazio	13
GUM_academic_eegimaa-13	(	14
GUM_academic_eegimaa-13	1995	15
GUM_academic_eegimaa-13	)	16
GUM_academic_eegimaa-13	show	18
GUM_academic_eegimaa-13	a	19
GUM_academic_eegimaa-13	very	20
GUM_academic_eegimaa-13	approximate	21
GUM_academic_eegimaa-13	location	22
GUM_academic_eegimaa-13	of	23
GUM_academic_eegimaa-13	Mof-Ávvi	24
GUM_academic_eegimaa-13	relation	26
GUM_academic_eegimaa-13	to	27
GUM_academic_eegimaa-13	other	28
GUM_academic_eegimaa-13	neighbour	29
GUM_academic_eegimaa-13	speech	30
GUM_academic_eegimaa-13	community	0
GUM_academic_eegimaa-13	.	0
GUM_academic_eegimaa-14	some	12
GUM_academic_eegimaa-14	of	3
GUM_academic_eegimaa-14	this	4
GUM_academic_eegimaa-14	community	5
GUM_academic_eegimaa-14	will	6
GUM_academic_eegimaa-14	be	7
GUM_academic_eegimaa-14	refer	8
GUM_academic_eegimaa-14	to	16
GUM_academic_eegimaa-14	in	10
GUM_academic_eegimaa-14	our	11
GUM_academic_eegimaa-14	discussion	12
GUM_academic_eegimaa-14	death	14
GUM_academic_eegimaa-14	prevention	15
GUM_academic_eegimaa-14	name	16
GUM_academic_eegimaa-14	§	18
GUM_academic_eegimaa-14	6	0
GUM_academic_eegimaa-14	.	0
GUM_academic_eegimaa-15	the	2
GUM_academic_eegimaa-15	Eegimaa	3
GUM_academic_eegimaa-15	speak	4
GUM_academic_eegimaa-15	in	5
GUM_academic_eegimaa-15	Mof-Ávvi	6
GUM_academic_eegimaa-15	be	7
GUM_academic_eegimaa-15	know	12
GUM_academic_eegimaa-15	by	9
GUM_academic_eegimaa-15	several	10
GUM_academic_eegimaa-15	name	11
GUM_academic_eegimaa-15	give	12
GUM_academic_eegimaa-15	speaker	14
GUM_academic_eegimaa-15	of	15
GUM_academic_eegimaa-15	neighbour	16
GUM_academic_eegimaa-15	language	0
GUM_academic_eegimaa-15	.	0
GUM_academic_eegimaa-16	for	2
GUM_academic_eegimaa-16	example	37
GUM_academic_eegimaa-16	,	39
GUM_academic_eegimaa-16	the	17
GUM_academic_eegimaa-16	name	6
GUM_academic_eegimaa-16	Kusiilay	7
GUM_academic_eegimaa-16	1	13
GUM_academic_eegimaa-16	'	39
GUM_academic_eegimaa-16	language	31
GUM_academic_eegimaa-16	of	29
GUM_academic_eegimaa-16	Essil	13
GUM_academic_eegimaa-16	be	39
GUM_academic_eegimaa-16	give	19
GUM_academic_eegimaa-16	by	20
GUM_academic_eegimaa-16	speaker	31
GUM_academic_eegimaa-16	Kujireray	23
GUM_academic_eegimaa-16	to	39
GUM_academic_eegimaa-16	Eegimaa	26
GUM_academic_eegimaa-16	because	29
GUM_academic_eegimaa-16	which	33
GUM_academic_eegimaa-16	Bajjat	38
GUM_academic_eegimaa-16	a	36
GUM_academic_eegimaa-16	district	37
GUM_academic_eegimaa-16	village	41
GUM_academic_eegimaa-16	have	43
GUM_academic_eegimaa-16	border	45
GUM_academic_eegimaa-16	with	46
GUM_academic_eegimaa-16	their	47
GUM_academic_eegimaa-16	.	0
GUM_academic_eegimaa-17	Endungo	13
GUM_academic_eegimaa-17	be	3
GUM_academic_eegimaa-17	the	4
GUM_academic_eegimaa-17	name	5
GUM_academic_eegimaa-17	give	6
GUM_academic_eegimaa-17	by	7
GUM_academic_eegimaa-17	Bayot	8
GUM_academic_eegimaa-17	speaker	9
GUM_academic_eegimaa-17	,	10
GUM_academic_eegimaa-17	but	11
GUM_academic_eegimaa-17	its	12
GUM_academic_eegimaa-17	meaning	13
GUM_academic_eegimaa-17	not	15
GUM_academic_eegimaa-17	know	0
GUM_academic_eegimaa-17	.	0
GUM_academic_eegimaa-18	Kúlaakiay	13
GUM_academic_eegimaa-18	,	33
GUM_academic_eegimaa-18	'	27
GUM_academic_eegimaa-18	the	5
GUM_academic_eegimaa-18	language	38
GUM_academic_eegimaa-18	of	37
GUM_academic_eegimaa-18	village	38
GUM_academic_eegimaa-18	Seleki	31
GUM_academic_eegimaa-18	/	32
GUM_academic_eegimaa-18	Sállagi	33
GUM_academic_eegimaa-18	be	27
GUM_academic_eegimaa-18	name	17
GUM_academic_eegimaa-18	give	18
GUM_academic_eegimaa-18	by	19
GUM_academic_eegimaa-18	Jóola	20
GUM_academic_eegimaa-18	Kaasa	21
GUM_academic_eegimaa-18	speaker	22
GUM_academic_eegimaa-18	who	23
GUM_academic_eegimaa-18	more	25
GUM_academic_eegimaa-18	familiar	26
GUM_academic_eegimaa-18	with	27
GUM_academic_eegimaa-18	than	35
GUM_academic_eegimaa-18	all	36
GUM_academic_eegimaa-18	other	37
GUM_academic_eegimaa-18	Mof-Ávvi	0
GUM_academic_eegimaa-18	.	0
GUM_academic_eegimaa-19	finally	42
GUM_academic_eegimaa-19	,	49
GUM_academic_eegimaa-19	Banjal	4
GUM_academic_eegimaa-19	/	5
GUM_academic_eegimaa-19	Bandial	14
GUM_academic_eegimaa-19	'	51
GUM_academic_eegimaa-19	the	41
GUM_academic_eegimaa-19	language	48
GUM_academic_eegimaa-19	of	51
GUM_academic_eegimaa-19	village	48
GUM_academic_eegimaa-19	most	18
GUM_academic_eegimaa-19	popular	48
GUM_academic_eegimaa-19	all	21
GUM_academic_eegimaa-19	that	26
GUM_academic_eegimaa-19	name	42
GUM_academic_eegimaa-19	be	51
GUM_academic_eegimaa-19	give	28
GUM_academic_eegimaa-19	by	51
GUM_academic_eegimaa-19	Jóola	31
GUM_academic_eegimaa-19	Búluf	39
GUM_academic_eegimaa-19	and	33
GUM_academic_eegimaa-19	Fogny	35
GUM_academic_eegimaa-19	speaker	53
GUM_academic_eegimaa-19	to	37
GUM_academic_eegimaa-19	Eegimaa	44
GUM_academic_eegimaa-19	person	39
GUM_academic_eegimaa-19	their	41
GUM_academic_eegimaa-19	because	44
GUM_academic_eegimaa-19	from	51
GUM_academic_eegimaa-19	first	53
GUM_academic_eegimaa-19	in	56
GUM_academic_eegimaa-19	contact	57
GUM_academic_eegimaa-19	with	58
GUM_academic_eegimaa-19	they	0
GUM_academic_eegimaa-19	.	0
GUM_academic_eegimaa-20	Figure	2
GUM_academic_eegimaa-20	1	0
GUM_academic_eegimaa-20	.	0
GUM_academic_eegimaa-21	map	6
GUM_academic_eegimaa-21	of	3
GUM_academic_eegimaa-21	Senegal	4
GUM_academic_eegimaa-21	(	5
GUM_academic_eegimaa-21	courtesy	6
GUM_academic_eegimaa-21	Google	8
GUM_academic_eegimaa-21	)	0
GUM_academic_eegimaa-22	Figure	2
GUM_academic_eegimaa-22	2	0
GUM_academic_eegimaa-22	.	0
GUM_academic_eegimaa-23	map	2
GUM_academic_eegimaa-23	of	3
GUM_academic_eegimaa-23	the	4
GUM_academic_eegimaa-23	Eegimaa	5
GUM_academic_eegimaa-23	speak	6
GUM_academic_eegimaa-23	area	0
GUM_academic_eegimaa-24	village	2
GUM_academic_eegimaa-24	name	3
GUM_academic_eegimaa-24	be	4
GUM_academic_eegimaa-24	write	5
GUM_academic_eegimaa-24	use	6
GUM_academic_eegimaa-24	their	7
GUM_academic_eegimaa-24	usual	8
GUM_academic_eegimaa-24	spelling	0
GUM_academic_eegimaa-24	.	0
GUM_academic_eegimaa-25	the	2
GUM_academic_eegimaa-25	Ethnologue	8
GUM_academic_eegimaa-25	language	4
GUM_academic_eegimaa-25	code	5
GUM_academic_eegimaa-25	be	6
GUM_academic_eegimaa-25	provide	7
GUM_academic_eegimaa-25	for	8
GUM_academic_eegimaa-25	variety	10
GUM_academic_eegimaa-25	that	11
GUM_academic_eegimaa-25	have	12
GUM_academic_eegimaa-25	they	0
GUM_academic_eegimaa-25	.	0
GUM_academic_eegimaa-26	language	2
GUM_academic_eegimaa-26	name	3
GUM_academic_eegimaa-26	be	4
GUM_academic_eegimaa-26	write	5
GUM_academic_eegimaa-26	follow	9
GUM_academic_eegimaa-26	the	7
GUM_academic_eegimaa-26	recommendation	8
GUM_academic_eegimaa-26	for	9
GUM_academic_eegimaa-26	transcription	14
GUM_academic_eegimaa-26	of	12
GUM_academic_eegimaa-26	national	13
GUM_academic_eegimaa-26	Senegal	16
GUM_academic_eegimaa-26	,	17
GUM_academic_eegimaa-26	Decree	18
GUM_academic_eegimaa-26	2005-981	0
GUM_academic_eegimaa-26	.	0
GUM_academic_eegimaa-27	name	17
GUM_academic_eegimaa-27	of	15
GUM_academic_eegimaa-27	the	18
GUM_academic_eegimaa-27	village	17
GUM_academic_eegimaa-27	Mof-Ávvi	7
GUM_academic_eegimaa-27	be	8
GUM_academic_eegimaa-27	write	9
GUM_academic_eegimaa-27	use	15
GUM_academic_eegimaa-27	Eegimaa	12
GUM_academic_eegimaa-27	orthography	13
GUM_academic_eegimaa-27	and	14
GUM_academic_eegimaa-27	follow	15
GUM_academic_eegimaa-27	pronunciation	17
GUM_academic_eegimaa-27	by	21
GUM_academic_eegimaa-27	native	22
GUM_academic_eegimaa-27	speaker	0
GUM_academic_eegimaa-27	.	0
GUM_academic_eegimaa-28	Jóola	2
GUM_academic_eegimaa-28	language	3
GUM_academic_eegimaa-28	variety	4
GUM_academic_eegimaa-28	which	5
GUM_academic_eegimaa-28	be	6
GUM_academic_eegimaa-28	closely	7
GUM_academic_eegimaa-28	related	8
GUM_academic_eegimaa-28	to	9
GUM_academic_eegimaa-28	Eegimaa	10
GUM_academic_eegimaa-28	include	11
GUM_academic_eegimaa-28	Kujireray	12
GUM_academic_eegimaa-28	/	13
GUM_academic_eegimaa-28	Kuluunaay	39
GUM_academic_eegimaa-28	(	29
GUM_academic_eegimaa-28	from	30
GUM_academic_eegimaa-28	the	31
GUM_academic_eegimaa-28	village	32
GUM_academic_eegimaa-28	of	19
GUM_academic_eegimaa-28	Brin	34
GUM_academic_eegimaa-28	with	21
GUM_academic_eegimaa-28	76	36
GUM_academic_eegimaa-28	%	37
GUM_academic_eegimaa-28	lexical	38
GUM_academic_eegimaa-28	similarity	49
GUM_academic_eegimaa-28	)	26
GUM_academic_eegimaa-28	and	27
GUM_academic_eegimaa-28	Gufiñamay	39
GUM_academic_eegimaa-28	Afiniam	34
GUM_academic_eegimaa-28	74	36
GUM_academic_eegimaa-28	base	41
GUM_academic_eegimaa-28	on	42
GUM_academic_eegimaa-28	Lewis	43
GUM_academic_eegimaa-28	et	44
GUM_academic_eegimaa-28	al.	45
GUM_academic_eegimaa-28	,	46
GUM_academic_eegimaa-28	2014	47
GUM_academic_eegimaa-28	eds.	49
GUM_academic_eegimaa-28	.	0
GUM_academic_eegimaa-29	Gútaamay	19
GUM_academic_eegimaa-29	(	25
GUM_academic_eegimaa-29	from	26
GUM_academic_eegimaa-29	the	27
GUM_academic_eegimaa-29	village	28
GUM_academic_eegimaa-29	of	7
GUM_academic_eegimaa-29	Butam	24
GUM_academic_eegimaa-29	)	9
GUM_academic_eegimaa-29	,	10
GUM_academic_eegimaa-29	Gulapaoray	19
GUM_academic_eegimaa-29	Djilapaor	24
GUM_academic_eegimaa-29	and	18
GUM_academic_eegimaa-29	Gusiilay	19
GUM_academic_eegimaa-29	ISO	21
GUM_academic_eegimaa-29	639-3	22
GUM_academic_eegimaa-29	:	23
GUM_academic_eegimaa-29	bsl	24
GUM_academic_eegimaa-29	Thionk	30
GUM_academic_eegimaa-29	Essil	31
GUM_academic_eegimaa-29	be	32
GUM_academic_eegimaa-29	also	33
GUM_academic_eegimaa-29	other	34
GUM_academic_eegimaa-29	language	35
GUM_academic_eegimaa-29	related	36
GUM_academic_eegimaa-29	to	37
GUM_academic_eegimaa-29	Eegimaa	0
GUM_academic_eegimaa-29	.	0
GUM_academic_eegimaa-30	they	2
GUM_academic_eegimaa-30	be	3
GUM_academic_eegimaa-30	locate	4
GUM_academic_eegimaa-30	north	5
GUM_academic_eegimaa-30	of	10
GUM_academic_eegimaa-30	the	7
GUM_academic_eegimaa-30	Casamance	8
GUM_academic_eegimaa-30	River	9
GUM_academic_eegimaa-30	in	10
GUM_academic_eegimaa-30	Jóola	12
GUM_academic_eegimaa-30	Búluf	13
GUM_academic_eegimaa-30	area	0
GUM_academic_eegimaa-30	.	0
GUM_academic_eegimaa-31	there	2
GUM_academic_eegimaa-31	be	3
GUM_academic_eegimaa-31	also	4
GUM_academic_eegimaa-31	small	5
GUM_academic_eegimaa-31	migrant	6
GUM_academic_eegimaa-31	Eegimaa	7
GUM_academic_eegimaa-31	community	18
GUM_academic_eegimaa-31	in	9
GUM_academic_eegimaa-31	village	10
GUM_academic_eegimaa-31	like	11
GUM_academic_eegimaa-31	Djifanghor	20
GUM_academic_eegimaa-31	(	13
GUM_academic_eegimaa-31	east	31
GUM_academic_eegimaa-31	of	23
GUM_academic_eegimaa-31	Ziguinchor	24
GUM_academic_eegimaa-31	)	17
GUM_academic_eegimaa-31	and	18
GUM_academic_eegimaa-31	Bourofaye	20
GUM_academic_eegimaa-31	south	31
GUM_academic_eegimaa-31	,	26
GUM_academic_eegimaa-31	where	27
GUM_academic_eegimaa-31	they	28
GUM_academic_eegimaa-31	cohabit	29
GUM_academic_eegimaa-31	with	30
GUM_academic_eegimaa-31	speaker	31
GUM_academic_eegimaa-31	Baïnounk	33
GUM_academic_eegimaa-31	language	0
GUM_academic_eegimaa-31	.	0
GUM_academic_eegimaa-32	nowadays	2
GUM_academic_eegimaa-32	most	3
GUM_academic_eegimaa-32	Eegimaa	4
GUM_academic_eegimaa-32	speaker	5
GUM_academic_eegimaa-32	from	6
GUM_academic_eegimaa-32	Mof-Ávvi	7
GUM_academic_eegimaa-32	live	8
GUM_academic_eegimaa-32	outside	9
GUM_academic_eegimaa-32	their	10
GUM_academic_eegimaa-32	homeland	11
GUM_academic_eegimaa-32	,	12
GUM_academic_eegimaa-32	generally	13
GUM_academic_eegimaa-32	in	14
GUM_academic_eegimaa-32	urban	15
GUM_academic_eegimaa-32	area	16
GUM_academic_eegimaa-32	like	17
GUM_academic_eegimaa-32	Ziguinchor	18
GUM_academic_eegimaa-32	and	19
GUM_academic_eegimaa-32	Dakar	0
GUM_academic_eegimaa-32	.	0
GUM_academic_eegimaa-33	speaker	33
GUM_academic_eegimaa-33	of	25
GUM_academic_eegimaa-33	Eegimaa	4
GUM_academic_eegimaa-33	use	5
GUM_academic_eegimaa-33	the	6
GUM_academic_eegimaa-33	term	7
GUM_academic_eegimaa-33	Gújjolaay	8
GUM_academic_eegimaa-33	(	9
GUM_academic_eegimaa-33	mean	35
GUM_academic_eegimaa-33	Jóola	11
GUM_academic_eegimaa-33	)	26
GUM_academic_eegimaa-33	to	13
GUM_academic_eegimaa-33	refer	26
GUM_academic_eegimaa-33	their	16
GUM_academic_eegimaa-33	language	17
GUM_academic_eegimaa-33	when	18
GUM_academic_eegimaa-33	they	19
GUM_academic_eegimaa-33	speak	26
GUM_academic_eegimaa-33	each	34
GUM_academic_eegimaa-33	other	23
GUM_academic_eegimaa-33	,	24
GUM_academic_eegimaa-33	but	25
GUM_academic_eegimaa-33	distinguish	28
GUM_academic_eegimaa-33	variety	31
GUM_academic_eegimaa-33	from	32
GUM_academic_eegimaa-33	that	33
GUM_academic_eegimaa-33	people	0
GUM_academic_eegimaa-33	.	0
GUM_academic_eegimaa-34	Eegimaa	12
GUM_academic_eegimaa-34	be	3
GUM_academic_eegimaa-34	a	4
GUM_academic_eegimaa-34	endangered	5
GUM_academic_eegimaa-34	language	6
GUM_academic_eegimaa-34	whose	7
GUM_academic_eegimaa-34	transmission	8
GUM_academic_eegimaa-34	to	9
GUM_academic_eegimaa-34	new	10
GUM_academic_eegimaa-34	generation	11
GUM_academic_eegimaa-34	have	12
GUM_academic_eegimaa-34	decline	14
GUM_academic_eegimaa-34	significantly	15
GUM_academic_eegimaa-34	in	16
GUM_academic_eegimaa-34	the	17
GUM_academic_eegimaa-34	last	18
GUM_academic_eegimaa-34	decade	0
GUM_academic_eegimaa-34	.	0
GUM_academic_eegimaa-35	it	2
GUM_academic_eegimaa-35	be	3
GUM_academic_eegimaa-35	important	4
GUM_academic_eegimaa-35	to	5
GUM_academic_eegimaa-35	understand	15
GUM_academic_eegimaa-35	the	7
GUM_academic_eegimaa-35	contact	8
GUM_academic_eegimaa-35	situation	14
GUM_academic_eegimaa-35	of	10
GUM_academic_eegimaa-35	Eegimaa	11
GUM_academic_eegimaa-35	,	12
GUM_academic_eegimaa-35	because	13
GUM_academic_eegimaa-35	some	14
GUM_academic_eegimaa-35	ritual	17
GUM_academic_eegimaa-35	name	18
GUM_academic_eegimaa-35	analyse	19
GUM_academic_eegimaa-35	in	20
GUM_academic_eegimaa-35	this	21
GUM_academic_eegimaa-35	paper	22
GUM_academic_eegimaa-35	come	27
GUM_academic_eegimaa-35	from	24
GUM_academic_eegimaa-35	other	25
GUM_academic_eegimaa-35	language	26
GUM_academic_eegimaa-35	or	27
GUM_academic_eegimaa-35	neighbour	29
GUM_academic_eegimaa-35	community	0
GUM_academic_eegimaa-35	.	0
GUM_academic_eegimaa-36	this	2
GUM_academic_eegimaa-36	name	3
GUM_academic_eegimaa-36	be	4
GUM_academic_eegimaa-36	give	5
GUM_academic_eegimaa-36	either	9
GUM_academic_eegimaa-36	in	7
GUM_academic_eegimaa-36	Eegimaa	8
GUM_academic_eegimaa-36	or	9
GUM_academic_eegimaa-36	a	11
GUM_academic_eegimaa-36	different	12
GUM_academic_eegimaa-36	language	0
GUM_academic_eegimaa-36	.	0
GUM_bio_dvorak-1	Antonín	0
GUM_bio_dvorak-1	Dvořák	0
GUM_bio_dvorak-2	Antonín	2
GUM_bio_dvorak-2	Leopold	3
GUM_bio_dvorak-2	Dvořák	4
GUM_bio_dvorak-2	(	9
GUM_bio_dvorak-2	/	6
GUM_bio_dvorak-2	d(ə)ˈvɔːrʒɑːk	7
GUM_bio_dvorak-2	,	8
GUM_bio_dvorak-2	-ʒæk	9
GUM_bio_dvorak-2	d(ə)-VOR-zha(h)k	19
GUM_bio_dvorak-2	;	30
GUM_bio_dvorak-2	Czech	13
GUM_bio_dvorak-2	:	14
GUM_bio_dvorak-2	[	15
GUM_bio_dvorak-2	ˈantoɲiːn	16
GUM_bio_dvorak-2	ˈlɛopolt	17
GUM_bio_dvorak-2	ˈdvor̝aːk	18
GUM_bio_dvorak-2	]	19
GUM_bio_dvorak-2	8	21
GUM_bio_dvorak-2	September	22
GUM_bio_dvorak-2	1841	23
GUM_bio_dvorak-2	-	24
GUM_bio_dvorak-2	1	25
GUM_bio_dvorak-2	May	26
GUM_bio_dvorak-2	1904	27
GUM_bio_dvorak-2	)	28
GUM_bio_dvorak-2	be	29
GUM_bio_dvorak-2	a	30
GUM_bio_dvorak-2	composer	0
GUM_bio_dvorak-2	.	0
GUM_bio_dvorak-3	after	2
GUM_bio_dvorak-3	Bedřich	3
GUM_bio_dvorak-3	Smetana	4
GUM_bio_dvorak-3	,	5
GUM_bio_dvorak-3	he	6
GUM_bio_dvorak-3	be	7
GUM_bio_dvorak-3	the	8
GUM_bio_dvorak-3	next	9
GUM_bio_dvorak-3	Czech	10
GUM_bio_dvorak-3	Romantic	11
GUM_bio_dvorak-3	-	12
GUM_bio_dvorak-3	era	13
GUM_bio_dvorak-3	composer	14
GUM_bio_dvorak-3	to	15
GUM_bio_dvorak-3	achieve	16
GUM_bio_dvorak-3	worldwide	17
GUM_bio_dvorak-3	recognition	0
GUM_bio_dvorak-3	.	0
GUM_bio_dvorak-4	follow	2
GUM_bio_dvorak-4	Smetana	3
GUM_bio_dvorak-4	's	4
GUM_bio_dvorak-4	nationalist	5
GUM_bio_dvorak-4	example	14
GUM_bio_dvorak-4	,	7
GUM_bio_dvorak-4	Dvořák	8
GUM_bio_dvorak-4	frequently	9
GUM_bio_dvorak-4	employ	10
GUM_bio_dvorak-4	aspect	14
GUM_bio_dvorak-4	specifically	13
GUM_bio_dvorak-4	rhythm	14
GUM_bio_dvorak-4	of	16
GUM_bio_dvorak-4	the	17
GUM_bio_dvorak-4	folk	18
GUM_bio_dvorak-4	music	19
GUM_bio_dvorak-4	Moravia	21
GUM_bio_dvorak-4	and	22
GUM_bio_dvorak-4	his	23
GUM_bio_dvorak-4	native	24
GUM_bio_dvorak-4	Bohemia	0
GUM_bio_dvorak-4	.	0
GUM_bio_dvorak-5	Dvořák	2
GUM_bio_dvorak-5	's	3
GUM_bio_dvorak-5	own	4
GUM_bio_dvorak-5	style	5
GUM_bio_dvorak-5	have	6
GUM_bio_dvorak-5	be	7
GUM_bio_dvorak-5	describe	8
GUM_bio_dvorak-5	as	34
GUM_bio_dvorak-5	''	20
GUM_bio_dvorak-5	the	11
GUM_bio_dvorak-5	full	12
GUM_bio_dvorak-5	recreation	31
GUM_bio_dvorak-5	of	14
GUM_bio_dvorak-5	a	15
GUM_bio_dvorak-5	national	16
GUM_bio_dvorak-5	idiom	17
GUM_bio_dvorak-5	with	18
GUM_bio_dvorak-5	that	31
GUM_bio_dvorak-5	symphonic	22
GUM_bio_dvorak-5	tradition	23
GUM_bio_dvorak-5	,	24
GUM_bio_dvorak-5	absorb	25
GUM_bio_dvorak-5	folk	26
GUM_bio_dvorak-5	influence	27
GUM_bio_dvorak-5	and	28
GUM_bio_dvorak-5	find	29
GUM_bio_dvorak-5	effective	30
GUM_bio_dvorak-5	way	31
GUM_bio_dvorak-5	use	33
GUM_bio_dvorak-5	they	34
GUM_bio_dvorak-5	.	36
GUM_bio_dvorak-5	[	37
GUM_bio_dvorak-5	1	38
GUM_bio_dvorak-5	]	0
GUM_bio_dvorak-6	Antonín	0
GUM_bio_dvorak-6	Dvořák	0
GUM_bio_dvorak-7	Dvořák	2
GUM_bio_dvorak-7	display	3
GUM_bio_dvorak-7	his	4
GUM_bio_dvorak-7	musical	5
GUM_bio_dvorak-7	gift	6
GUM_bio_dvorak-7	at	12
GUM_bio_dvorak-7	a	8
GUM_bio_dvorak-7	early	17
GUM_bio_dvorak-7	age	10
GUM_bio_dvorak-7	,	11
GUM_bio_dvorak-7	be	12
GUM_bio_dvorak-7	apt	14
GUM_bio_dvorak-7	violin	15
GUM_bio_dvorak-7	student	16
GUM_bio_dvorak-7	from	17
GUM_bio_dvorak-7	six	0
GUM_bio_dvorak-7	.	0
GUM_bio_dvorak-8	the	2
GUM_bio_dvorak-8	first	3
GUM_bio_dvorak-8	public	4
GUM_bio_dvorak-8	performance	5
GUM_bio_dvorak-8	of	6
GUM_bio_dvorak-8	his	7
GUM_bio_dvorak-8	work	24
GUM_bio_dvorak-8	be	19
GUM_bio_dvorak-8	in	10
GUM_bio_dvorak-8	Prague	19
GUM_bio_dvorak-8	1872	13
GUM_bio_dvorak-8	and	21
GUM_bio_dvorak-8	,	15
GUM_bio_dvorak-8	with	16
GUM_bio_dvorak-8	special	17
GUM_bio_dvorak-8	success	21
GUM_bio_dvorak-8	1873	21
GUM_bio_dvorak-8	when	23
GUM_bio_dvorak-8	he	24
GUM_bio_dvorak-8	aged	26
GUM_bio_dvorak-8	31	0
GUM_bio_dvorak-8	.	0
GUM_bio_dvorak-9	seek	2
GUM_bio_dvorak-9	recognition	3
GUM_bio_dvorak-9	beyond	29
GUM_bio_dvorak-9	the	5
GUM_bio_dvorak-9	Prague	6
GUM_bio_dvorak-9	area	27
GUM_bio_dvorak-9	,	8
GUM_bio_dvorak-9	he	9
GUM_bio_dvorak-9	submit	17
GUM_bio_dvorak-9	a	11
GUM_bio_dvorak-9	score	12
GUM_bio_dvorak-9	of	13
GUM_bio_dvorak-9	his	14
GUM_bio_dvorak-9	First	15
GUM_bio_dvorak-9	Symphony	16
GUM_bio_dvorak-9	to	17
GUM_bio_dvorak-9	prize	19
GUM_bio_dvorak-9	competition	20
GUM_bio_dvorak-9	in	21
GUM_bio_dvorak-9	Germany	27
GUM_bio_dvorak-9	but	24
GUM_bio_dvorak-9	do	25
GUM_bio_dvorak-9	not	26
GUM_bio_dvorak-9	win	27
GUM_bio_dvorak-9	and	29
GUM_bio_dvorak-9	unreturned	31
GUM_bio_dvorak-9	manuscript	32
GUM_bio_dvorak-9	be	33
GUM_bio_dvorak-9	lose	34
GUM_bio_dvorak-9	until	35
GUM_bio_dvorak-9	rediscover	36
GUM_bio_dvorak-9	many	37
GUM_bio_dvorak-9	decade	38
GUM_bio_dvorak-9	late	0
GUM_bio_dvorak-9	.	0
GUM_bio_dvorak-10	in	2
GUM_bio_dvorak-10	1874	3
GUM_bio_dvorak-10	he	4
GUM_bio_dvorak-10	make	5
GUM_bio_dvorak-10	a	6
GUM_bio_dvorak-10	submission	7
GUM_bio_dvorak-10	to	8
GUM_bio_dvorak-10	the	9
GUM_bio_dvorak-10	Austrian	10
GUM_bio_dvorak-10	State	11
GUM_bio_dvorak-10	Prize	12
GUM_bio_dvorak-10	for	13
GUM_bio_dvorak-10	Composition	14
GUM_bio_dvorak-10	,	15
GUM_bio_dvorak-10	include	16
GUM_bio_dvorak-10	score	17
GUM_bio_dvorak-10	of	18
GUM_bio_dvorak-10	two	19
GUM_bio_dvorak-10	further	20
GUM_bio_dvorak-10	symphony	21
GUM_bio_dvorak-10	and	22
GUM_bio_dvorak-10	other	23
GUM_bio_dvorak-10	work	0
GUM_bio_dvorak-10	.	0
